te,tb,total_activity,mei,net,moved,smr,energy_balance
18.441865895769684,18.4333083462798,68054.0,-0.7030354171817973,0.18908881327858632,0.0,0.18908881327858632,181823.42208485925
