te,tb,total_activity,mei,net,moved,smr,energy_balance
-2.586259788719404,-2.5819109881903963,12040.0,-17.26250309424794,0.03006682026927914,0.0,0.03006682026927914,51984.61103205259
