te,tb,total_activity,mei,net,moved,smr,energy_balance
-6.6042135990383635,-6.594315425167476,37983.0,-21.90304511289309,0.021164895713747148,0.0,0.021164895713747148,95942.1977496695
