elev	active	smr	moved	ate
19.983333333333285	43.30256933981789	18.542375318269833	17.67955704168951	17.99079606464503	0.0	-0.9116995597535392	0.3411768193702655	-16.336839680523244	2.188880400533831	17.0
