te,tb,total_activity,mei,net,moved,smr,energy_balance
9.324544204211804,9.416042846074724,58694.0,-6.152444557893034,0.08590328012401803,0.0,0.08590328012401803,167562.44510487272
