te,tb,total_activity,mei,net,moved,smr,energy_balance
3.017779939999532,3.026642036629838,9025.0,-11.534534837895373,0.04911481544322945,0.0,0.04911481544322945,50155.66870635507
