te,tb,total_activity,mei,net,moved,smr,energy_balance
3.0006076953411887,2.9288465483247816,12153.0,-11.626524398258505,0.04869633628639451,0.0,0.04869633628639451,53931.27914596811
