te,tb,total_activity,mei,net,moved,smr,energy_balance
6.197599221566067,5.8391483966499615,32883.0,-9.012036475049204,0.06281852837504842,0.0,0.06281852837504842,81655.24878046152
